index,lat,lng,City
 Broadway and Cabot,42.4021215,-71.0195408,Chelsea
101 Smith Place,42.392568,-71.14260613918304,Cambridge
1200 Beacon St,42.34414898749529,-71.11467361450195,Brookline
160 Arsenal,42.36466403441681,-71.17569386959076,Watertown
160 Arsenal St,42.36466403441681,-71.17569386959076,Watertown
175 N Harvard St,42.36449612709029,-71.12844562542605,Boston
18 Dorrance Warehouse,42.387151,-71.075978,Boston
191 Beacon St,42.38035961972708,-71.10879875327615,Somerville
2 Hummingbird Lane at Olmsted Green,42.288906705,-71.0950040775,Boston
30 Dane St,42.38100143038052,-71.10402522613185,Somerville
30 Dane St.,42.38100143038052,-71.10402522613185,Somerville
325 Binney St.,42.3671945115,-71.08913253349999,Cambridge
359 Broadway - Broadway at Fayette Street,42.370803,-71.104412,Cambridge
515 Somerville Ave (Temp. Winter Location),42.38322726839113,-71.10606908798218,Somerville
55 Wheeler Street,42.390821,-71.143946,Cambridge
555 Metropolitan Ave,42.268036652,-71.119212664,Boston
606 American Legion Hwy at Canterbury St,42.28578,-71.109725,Boston
645 Summer St,42.341780891371904,-71.03987016504107,Boston
699 Mt Auburn St,42.37500235137831,-71.14871613699506,Cambridge
7 Acre Park,42.41143222973408,-71.06823265090497,Everett
700 Commonwealth Ave.,42.34960945333059,-71.10391523698127,Boston
700 Huron Ave,42.380788172914286,-71.15412890911102,Cambridge
75 Binney St,42.36550728505653,-71.0801375997653,Cambridge
84 Cambridgepark Dr,42.3936,-71.143941,Cambridge
855 Broadway,42.39840335405079,-71.02394844251353,Chelsea
87-101 Cambridgepark Drive,42.39532931715533,-71.1442133189899,Cambridge
955 Mass Ave,42.36895180540729,-71.10998779535294,Cambridge
Adams Branch Library,42.286011,-71.054689,Boston
Adams St at Lonsdale St,42.29168995537061,-71.05728010854969,Boston
Addison St at Saratoga St,42.38518146513944,-71.0151367,Boston
Airport T Stop - Bremen St at Brooks St,42.37530443828819,-71.0312630455337,Boston
Albany St at E. Brookline St,42.33666573313536,-71.06891692792254,Boston
Alewife MBTA at Steel Place,42.39568617908354,-71.14264750459152,Cambridge
Alewife Station at Russell Field,42.396105,-71.139459,Cambridge
Allston Green District - Griggs St at Commonwealth Ave,42.34922469338298,-71.13275302578586,Boston
American Legion Hwy at Canterbury St,42.278811581565975,-71.11687703062671,Boston
American Legion Hwy at Cummins Hwy,42.27877557678299,-71.11687163081336,Boston
American Legion Hwy at Hyde Park Ave,42.27265018400949,-71.1198658945405,Boston
Ames St at Broadway,42.3636929,-71.0875672,Cambridge
Ames St at Main St,42.3625,-71.08822,Cambridge
Andrew T Stop - Dorchester Ave at Dexter St,42.33073332585453,-71.05699850837482,Boston
Aquarium T Stop - 200 Atlantic Ave,42.36044135623124,-71.05043940246105,Boston
Arch St at Franklin St,42.35533501941256,-71.0582291708306,Boston
Archdale Rd at Washington St,42.29254905886363,-71.12098804657035,Boston
Arsenal Yards,42.36277388549605,-71.15764854490408,Watertown
Arsenal on the Charles,42.36349850640871,-71.18573324459247,Watertown
Ashmont T Stop,42.2856944,-71.0641389,Boston
Assembly Square T,42.39231011502314,-71.07743424152369,Somerville
Auburn St. at Mystic River,42.41759129386068,-71.12605836531748,Medford
Auburndale,42.34805541493346,-71.2477594614029,Newton
B.U. Central - 725 Comm. Ave.,42.350406,-71.108279,Boston
BCBS Hingham,42.16722555541654,-70.90555783370291,Hingham
BCBS Quincy,42.27600498756665,-71.03924982267927,Quincy
Back Bay T Stop - Dartmouth St at Stuart St,42.34801324458719,-71.07656109311819,Boston
Bacon St at Washington St,42.35711920909866,-71.1860453666327,Newton
Ball Sq,42.39936816059618,-71.11111521723615,Somerville
Bartlett St at John Elliot Sq,42.3294633,-71.0901582,Boston
Beach St at Freeport St,42.303665154463545,-71.05428892382525,Boston
Beacon St at Arlington St,42.35553628489709,-71.07286870479584,Boston
Beacon St at Charles St,42.356052,-71.069849,Boston
Beacon St at Englewood Ave,42.33736915370925,-71.14485977232107,Brookline
Beacon St at Hawes St,42.34496783328529,-71.11040176903771,Brookline
Beacon St at Massachusetts Ave,42.35082680669095,-71.0898108780384,Boston
Beacon St at St. Paul St,42.34373094998716,-71.11614107161584,Brookline
Beacon St at Tappan St,42.338236843790185,-71.13900163214166,Brookline
Beacon St at Washington / Kirkland,42.37875351212593,-71.10707223415375,Somerville
Beacon at Walnut,42.330062324403,-71.20668411254883,Newton
Belgrade Ave at Walworth St,42.286333946431554,-71.13679649714024,Boston
Bellevue T Stop,42.28611420958351,-71.14636927843094,Boston
Bellingham Square,42.39329898564755,-71.03333491084747,Chelsea
Bennington St at Byron St,42.38350891855895,-71.01620188355108,Boston
Bennington St at Constitution Beach,42.385223935870535,-71.01063068965232,Boston
Berkshire Street at Cambridge Street,42.37207657915397,-71.08995433905875,Cambridge
Big Papi Station,42.34734473177431,-71.1001680795016,Boston
Binney St / Sixth St,42.36608797388682,-71.08633603909765,Cambridge
Blossom St at Charles St,42.36435589027983,-71.0695936904267,Boston
Blue Hill Ave at Almont St,42.27458007140612,-71.09370378796685,Boston
Blue Hill Ave at Havelock St,42.285973224,-71.0910579495,Boston
Blue Hill Ave at Southwood St,42.31788114694994,-71.07799013713617,Boston
Boston City Hall - 28 State St,42.35892,-71.057629,Boston
Boston College T,42.33987891612856,-71.16708934307098,Newton
Boston Convention and Exhibition Center - Summer St at West Side Dr,42.347763454147454,-71.0453599691391,Boston
Boston East - 126 Border St,42.373312125824704,-71.0410200806291,Boston
Boston Landing,42.35656092308941,-71.14167537549292,Boston
Boston Medical Center - E Concord St at Harrison Ave,42.33639915372498,-71.07306711393903,Boston
Boston Public Market,42.36254854409333,-71.0573735833168,Boston
Bowdoin St at Quincy St,42.30785224238503,-71.06512248516083,Boston
Boylston St at Arlington St,42.352067782,-71.0703672445,Boston
Boylston St at Berkeley St,42.3511419825475,-71.07329249382019,Boston
Boylston St at Charles St,42.3525760946701,-71.06764405041758,Boston
Boylston St at Charles St (Temp Winter Location),42.35258524849636,-71.06770277023315,Boston
Boylston St at Dartmouth St,42.35019319808638,-71.07744187116623,Boston
Boylston St at Dartmouth St FORMER,42.350413,-71.07655,Boston
Boylston St at Exeter St,42.349589423682445,-71.0794677917329,Boston
Boylston St at Fairfield St,42.348803822833936,-71.08236908912659,Boston
Boylston St at Jersey St,42.34470820543916,-71.09720470763486,Boston
Boylston St at Massachusetts Ave,42.34740620525209,-71.08678414955648,Boston
Boynton Yards at 101 South Street,42.37546,-71.091217,Somerville
Bremen St at Marion St,42.37410622047334,-71.03276252757496,Boston
Bridge Street Neck,42.52810051875824,-70.88971138000488,Salem
Brigham Circle - Francis St at Huntington Ave,42.33462893055976,-71.10407917767589,Boston
Brighton Ave at Linden St,42.3528376,-71.1296752,Boston
Brighton Center - Washington St at Cambridge St,42.34894857235593,-71.15027189254761,Boston
Brighton Mills - 370 Western Ave,42.3615457081725,-71.13776206970215,Boston
Broad Canal Way at Third Street,42.36303742863348,-71.08295146008436,Cambridge
Broad St at Central St,42.35849449039304,-71.05426469875965,Boston
Broadway Opposite Norwood Ave  (Temp Winter Station),42.396764,-71.102376,Somerville
Broadway St at Mt Pleasant St,42.38614141163957,-71.07828140258789,Somerville
Broadway T Stop,42.343048583900966,-71.05803430091328,Boston
Broadway at Beacham St,42.39843773160416,-71.06368074957359,Everett
Broadway at Central St,42.39517150121575,-71.09850591982195,Somerville
Broadway at Gerrish Ave,42.39453079292221,-71.03085594484583,Chelsea
Broadway at Grafton St,42.40994213011757,-71.14009319811885,Arlington
Broadway at Kittie Knox Bike Path,42.36412658996667,-71.0873863200095,Cambridge
Broadway at Lynde St,42.39631964873847,-71.0657506005277,Everett
Broadway at Maple St,42.41036417288392,-71.05258984476319,Everett
Brookline Town Hall,42.33376472623494,-71.12046446660315,Brookline
Brookline Village - Pearl Street at MBTA,42.332799,-71.116205,Brookline
Brookline Village - Station Street at MBTA,42.33274392304887,-71.11626680949485,Brookline
Bunker Hill Community College,42.37408991426522,-71.06905996799469,Boston
Burlington Ave at Brookline Ave,42.345733,-71.100694,Boston
Butler T Stop,42.2725522715,-71.06293973000001,Boston
California at Chapel,42.365148708129546,-71.20236039161682,Newton
Cambridge Crossing at North First Street,42.371141,-71.076198,Cambridge
Cambridge Dept. of Public Works -147 Hampshire St.,42.37119727759414,-71.09759867191315,Cambridge
Cambridge Main Library at Broadway / Trowbridge St,42.3734247725,-71.111105897,Cambridge
Cambridge St - at Columbia St / Webster Ave,42.3730062685,-71.0944128085,Cambridge
Cambridge St at Joy St,42.36126626573268,-71.06532917900762,Boston
CambridgeSide Galleria - CambridgeSide PL at Land Blvd,42.367074071490926,-71.07679277658461,Cambridge
Canal St at Causeway St,42.36530094929082,-71.06092190993877,Boston
Canal St. at Causeway St.,42.359322,-71.067811,Boston
Carr Park,42.434365,-71.094755,Medford
Cary Square,42.39807664529123,-71.0306265247725,Chelsea
Cedar Grove T Stop,42.27960759693163,-71.06022119527552,Boston
Central Ave at River St,42.270907328146144,-71.07337235102558,Boston
Central Sq Post Office / Cambridge City Hall at Mass Ave / Pleasant St,42.366426,-71.105495,Cambridge
Central Square East Boston,42.37544912547037,-71.03918548682486,Boston
Central Square at Mass Ave / Essex St,42.36507,-71.1031,Cambridge
Centre St at Allandale St,42.300806,-71.11570891001975,Boston
Centre St at Commonwealth Ave,42.3362358,-71.1934421,Newton
Centre St at Parkway YMCA,42.28277901074054,-71.15728851416861,Boston
Centre St at Seaverns Ave,42.3121203,-71.1142981,Boston
Centre St at W. Roxbury Post Office,42.28635411456388,-71.15345808134866,Boston
Centre St at Washington St,42.35574334805774,-71.18641942508475,Newton
Centre St. at Allandale St.,42.300806,-71.1268836054569,Boston
Charles Circle - Charles St at Cambridge St,42.36079296858265,-71.07118962337152,Boston
Charles River Greenway - California St. at Fifth Ave,42.36455361053197,-71.19100391864777,Watertown
Charles St and Beacon St,42.356052,-71.069849,Boston
Charles St at Pinckney St,42.35872530462163,-71.07079532006537,Boston
Charlestown Navy Yard,42.374124549426526,-71.05481199938367,Boston
Chelsea Square,42.39022671103383,-71.03857017704286,Chelsea
Chelsea St at Saratoga St,42.379772,-71.027448,Boston
Chelsea St at Vine St,42.403384405150064,-71.04726350324793,Everett
Chelsea Station,42.39636527849676,-71.03987179230899,Chelsea
Chestnut Hill Ave at Ledgemere Rd,42.343706,-71.167129517,Boston
Chestnut Hill Ave. at Ledgemere Road,42.343706,-71.050370455,Boston
Chestnut St at Poplar St,42.377636,-71.085954,Somerville
Child St at North St,42.37150494100319,-71.07249312120985,Cambridge
Child Street at Brian P. Murphy Staircase,42.37197678467975,-71.07200495972165,Cambridge
Chinatown Gate Plaza,42.351356,-71.059367,Boston
Chinatown T Stop,42.352409,-71.062679,Boston
Christian Science Plaza - Massachusetts Ave at Westland Ave,42.3436658245146,-71.08582377433777,Boston
Church St,42.37435056335261,-71.11967122573179,Cambridge
Circuit Drive at American Legion Hwy,42.29704126420948,-71.09171926975249,Boston
Clarendon Hill at Broadway,42.406302,-71.132446,Somerville
Clarendon St at Commonwealth Ave,42.35219035145307,-71.0760041699723,Boston
Clarendon St at Newbury St,42.35159662465317,-71.0756166279316,Boston
Cleary Sq,42.2556,-71.12444,Boston
Cleveland Circle,42.335543083570826,-71.15061519672052,Boston
Clinton St at North St,42.3607028354884,-71.05524927377701,Boston
Codman Square Library,42.2873757255,-71.0711196245,Boston
Colleges of the Fenway - Fenway at Avenue Louis Pasteur,42.34011512249236,-71.10061883926392,Boston
Columbia Rd at Ceylon St,42.309572,-71.0729,Boston
Columbia Rd at Tierney Community Center,42.33023070528729,-71.05060093123029,Boston
Columbus Ave at Massachusetts Ave,42.34054261551636,-71.08138847914233,Boston
Columbus Ave at W. Canton St,42.34474224772802,-71.07648162175792,Boston
Commonwealth Ave At Babcock St,42.35154734791375,-71.12126246094704,Boston
Commonwealth Ave at Agganis Way,42.35169201885973,-71.11903488636017,Boston
Commonwealth Ave at Chiswick Rd,42.34024644768889,-71.15168806174552,Boston
Commonwealth Ave at Griggs St,42.34922469338298,-71.13275302578586,Boston
Commonwealth Ave at Kelton St,42.34831696608522,-71.14003280938422,Boston
Commonwealth Ave at Naples Rd,42.351923253,-71.1237919865,Boston
Community Life Center,42.520136,-70.906271,Salem
Community Path at Cedar Street,42.39407223665884,-71.11133694648743,Somerville
Community Path at Lowell St,42.392525,-71.105587,Somerville
Concord Ave at Spinelli Place,42.390719,-71.1538877,Cambridge
Congress St at Boston City Hall,42.36041774637169,-71.05752243543975,Boston
Congress St at North St,42.36041774637169,-71.05752243543975,Boston
Congress St at Northern Ave,42.3481,-71.03764,Boston
Congress St at Sleeper St,42.351004495946704,-71.04930013418198,Boston
Conway Park - Somerville Avenue,42.383638948222654,-71.10853672027588,Somerville
Conway Park @ Bleachery Ct (Temp Winter Station),42.3836409294306,-71.10868692398071,Somerville
Coolidge Corner - Beacon St at Centre St,42.341577215,-71.12330968,Brookline
Coolidge Sq.,42.37207611472287,-71.15683130688922,Watertown
Copley Square - Dartmouth St at Boylston St,42.34992828230057,-71.07739206866427,Boston
Craigie St at Summer St,42.38831607584243,-71.1106824874878,Somerville
Craigie at Summer St,42.388305537644,-71.11067976811682,Somerville
Cross St at Hanover St,42.362811,-71.056067,Boston
Cummins Highway at Blue Hill Ave T Stop,42.269988465946064,-71.09746182817616,Boston
Cummins at American Legion,42.278811581565975,-71.11687703062671,Boston
Curtis Hall - South St at Centre St,42.309054,-71.11543,Boston
Cypress St at Clark Playground,42.32784317478686,-71.1253622174263,Brookline
Dana Park,42.36178043960605,-71.10809952020645,Cambridge
Danehy Park,42.388966,-71.132788,Cambridge
Danehy Park at New Street,42.389456,-71.139019,Cambridge
Dartmouth St at Newbury St,42.35096144421219,-71.07782810926437,Boston
Davis Square,42.396969,-71.123024,Somerville
Day Sq,42.379295,-71.027733,Boston
Deerfield St at Commonwealth Ave,42.34924376955301,-71.09728209692548,Boston
Derby Street,42.520096183311445,-70.8913904428482,Salem
Discovery Park - 30 Acorn Park Drive,42.39790817368333,-71.14797130814623,Cambridge
Dorchester Ave at Gillette Park,42.34402865000818,-71.05739170326291,Boston
Dorchester Ave at King St,42.29173052,-71.06263188049999,Boston
Dudley Square - Bolling Building,42.329842993518085,-71.08386572459494,Boston
Dudley Square - Dudley St at Warren St,42.32854046293402,-71.08416482806204,Boston
Dudley Town Common - Mt Pleasant Ave at Blue Hill Ave,42.325333,-71.075354,Boston
E Cottage St at Columbia Rd,42.320561,-71.06198,Boston
EF - North Point Park,42.3699556155,-71.07006101900001,Cambridge
East Boston Neighborhood Health Center - 20 Maverick Square,42.369536,-71.039431,Boston
East Somerville Library (Broadway and Illinois),42.38761414525671,-71.08317503343807,Somerville
Edgerly Education Center,42.38717463348314,-71.08714388528824,Somerville
Edwards Playground - Main St at Eden St,42.378965,-71.068607,Boston
Egleston Square - Atherton St at Washington St,42.315692,-71.098634,Boston
Elevate at One Leighton,42.369931,-71.073526,Cambridge
Elm St at White St,42.38952436305763,-71.11694140364307,Somerville
Encore,42.39329263225162,-71.0724475979805,Everett
Essex St at Dalton Parkway,42.516223,-70.905535,Salem
Everett Square (Broadway at Chelsea St),42.40725945172653,-71.05546381333625,Everett
Everett Square (Broadway at Norwood St),42.407050996211325,-71.0558971044824,Everett
Fan Pier,42.3533905070523,-71.04457139968872,Boston
Faneuil St at Arlington St,42.3528611,-71.1600278,Boston
Faneuil St at Market St,42.35484,-71.150226,Boston
Farragut Rd at E. 6th St,42.3334,-71.02495,Boston
Ferry St at Pleasantview Ave,42.40914877754532,-71.04597684005057,Everett
Fields Corner T Stop,42.29963348842063,-71.06068975823291,Boston
Flat 9 at Whittier,42.33420351352245,-71.08767616843123,Boston
Foley St at Grand Union Blvd,42.39301840035393,-71.08071684837341,Somerville
Forest Hills,42.300923,-71.114249,Boston
Forest River Park,42.506395,-70.88693,Salem
Forsyth St at Huntington Ave,42.339202,-71.090511,Boston
Foss Park,42.39108438146733,-71.09039425849915,Somerville
Foss Park 2 (temp for winter),42.390509,-71.09983,Somerville
Four Corners - 157 Washington St,42.30424326469508,-71.07930952329775,Boston
Four Corners/Geneva T Stop,42.30326227591249,-71.07823127506164,Boston
Franklin Park - Seaver St at Humboldt Ave,42.3098678115,-71.092309974,Boston
Franklin Park - Seaver St at Humbolt Ave,42.309796,-71.092225,Boston
Franklin Park Zoo - Franklin Park Rd at Blue Hill Ave,42.303469,-71.085347,Boston
Fresh Pond Reservation,42.38267827521855,-71.143478951426,Cambridge
Galileo Galilei Way at Fulkerson St/Binney St,42.3664204,-71.0885418,Cambridge
Galileo Galilei Way at Main Street,42.363003781560096,-71.08974037706501,Cambridge
Gallivan Blvd at Adams St,42.282920362701525,-71.05468421498185,Boston
Geiger Gibson Community Health Center,42.31886468217537,-71.04536797860419,Boston
Gilman Square T at Medford St,42.386696071,-71.094642566,Somerville
Glendale Square (Ferry St at Broadway),42.41422827996996,-71.04479543879907,Everett
Glendon St at Condor St,42.38240377674137,-71.03024303913116,Boston
Goodhue St at Grove St,42.520897,-70.910528,Salem
Gore Street at Lambert Street,42.373079797934935,-71.08634233665725,Cambridge
Gove St at Orleans St,42.37057753242139,-71.03558540113227,Boston
Government Center - Cambridge St at Court St,42.3598253979878,-71.05979576244862,Boston
Graham and Parks School – Linnaean St at Walker St,42.38294430172271,-71.12449831038248,Cambridge
Gramsdorf Playground,42.4081462435,-71.04292275200001,Everett
Grand Union Blvd at Revolution Dr,42.391658,-71.08071684837341,Somerville
Green Street T Stop - Green St at Amory St,42.310579,-71.107341,Boston
Grove Hall Library - 41 Geneva Ave,42.30791,-71.080952,Boston
Grove St at Community Path,42.3963939882275,-71.12009140103012,Somerville
HMS/HSPH - Avenue Louis Pasteur at Longwood Ave,42.3374174845973,-71.10286116600037,Boston
Haines Square,42.423331368452885,-71.09124541293568,Medford
Hale Park,42.41530115601603,-71.0528094766972,Everett
Hancock St at Pleasant St,42.30981924861789,-71.06019938382815,Boston
Harris Park,42.41081837243052,-71.08152866385353,Medford
Harrison Ave at Bennet St,42.34942609892521,-71.06209959843909,Boston
Harrison Ave at E. Dedham St,42.339194,-71.06975,Boston
Harrison Ave at Mullins Way,42.34521562115022,-71.0638403149278,Boston
Harvard Ave at Brainerd Rd,42.34953016890375,-71.13022770741735,Boston
Harvard Kennedy School at Bennett St / Eliot St,42.3722168027866,-71.12188071012497,Cambridge
Harvard Law School at Mass Ave / Jarvis St,42.379011,-71.119945,Cambridge
Harvard Square at Brattle St / Eliot St,42.373328798874056,-71.12098601080106,Cambridge
Harvard Square at Mass Ave/ Dunster,42.3731927235,-71.118521735,Cambridge
Harvard St and Stedman St,42.34437345800255,-71.12485009434238,Brookline
Harvard St at Greene-Rose Heritage Park,42.36599403333719,-71.09519629757249,Cambridge
Harvard Stadium: N. Harvard St at Soldiers Field Rd,42.368019,-71.1242,Boston
Harvard University / SEAS Cruft-Pierce Halls at 29 Oxford St,42.377945,-71.116865,Cambridge
Harvard University Gund Hall at Quincy St / Kirkland S,42.376369,-71.114025,Cambridge
Harvard University Gund Hall at Quincy St / Kirkland St,42.376387239,-71.11403095899999,Cambridge
Harvard University Housing - 115 Putnam Ave at Peabody Terrace,42.366621,-71.114214,Cambridge
Harvard University Radcliffe Quadrangle at Shepard St / Garden St,42.380287,-71.125107,Cambridge
Harvard University River Houses at DeWolfe St / Cowperthwaite St,42.3692215594296,-71.11694857484258,Cambridge
Hawthorne Boulevard,42.5223714,-70.8903331,Salem
Hayes Square - Vine St at Moulton St,42.3770021655,-71.05657232749999,Boston
Hickey Park,42.424981,-71.098973,Medford
High St at Cypress St,42.32460037224705,-71.12136191147451,Brookline
Honan Library,42.36027370454934,-71.12852452327388,Boston
Hood Park,42.38004534693313,-71.0730457305908,Boston
Hormel Stadium,42.40721644126376,-71.09651505947113,Medford
Huntington Ave at Mass Art,42.336585554561154,-71.0988699646623,Boston
Huron Ave At Vassal Lane,42.381632171950585,-71.1342594529919,Cambridge
Hyde Park Ave at Arlington St,42.26286746177123,-71.12163126468657,Boston
Hyde Park Ave at Walk Hill St,42.29606704649873,-71.11601199963843,Boston
Hyde Park Library,42.2568376,-71.122509,Boston
Hyde Square - Barbara St at Centre St,42.32164815711976,-71.10994560533557,Boston
Hyde Square - Centre St at Perkins St,42.32176525723952,-71.1001680795016,Boston
ID Building East,42.344827,-71.028664,Boston
ID Building West,42.344796,-71.031614,Boston
Ink Block - Harrison Ave at Herald St,42.345901,-71.063187,Boston
Inman Square at Springfield St.,42.37426713524931,-71.10026478767395,Cambridge
Inman Square at Vellucci Plaza / Hampshire St,42.374035,-71.101427,Cambridge
Innovation Lab - 125 Western Ave at Batten Way,42.36371276003581,-71.12459778785706,Boston
JFK Crossing at Harvard St. / Thorndike St.,42.346551241753566,-71.1283321143128,Brookline
JFK/UMass T Stop,42.32033973515723,-71.05118036270142,Boston
Jackson Square T Stop,42.32293117195949,-71.10014140605927,Boston
Jamaica St at South St,42.3060456272408,-71.11570891001975,Boston
Jersey St. at Boylston St.,42.3446808403874,-71.09785348176956,Boston
John Ahern Field at Kennedy-Longfellow School,42.36903566594827,-71.08630959910442,Cambridge
Kearins Playground,42.40616124132245,-71.06041654944418,Everett
Kendall Street,42.36349550821495,-71.08209022872524,Cambridge
Kendall T,42.362340635456206,-71.08506512630848,Cambridge
Kenmore Square,42.348716017,-71.096893637,Boston
Kennedy-Longfellow School 158 Spring St,42.36955297756508,-71.08579014980933,Cambridge
Knoll St at Centre St,42.29376656473529,-71.1365658044815,Boston
Lafayette Square at Mass Ave / Main St / Columbia St,42.36341171452173,-71.10053750885533,Cambridge
Lafayette at Leach St,42.51142784358897,-70.89183300733566,Salem
Landmark Center - Brookline Ave at Park Dr,42.34369055719748,-71.10235286881107,Boston
Langley Lot,42.330528,-71.192861,Newton
Lansdowne T Stop,42.34734473177431,-71.1001680795016,Boston
Lechmere Station at Cambridge St / First St,42.370677,-71.076529,Cambridge
Lenox St at Kendall St,42.337493769169285,-71.08244374414178,Boston
Lesley University,42.38663766022528,-71.11910408755304,Cambridge
Lewis Mall Wharf,42.365678711213775,-71.04030132293701,Boston
Lewis Wharf at Atlantic Ave,42.363871,-71.050877,Boston
Lincoln St at Empire St,42.3576523685,-71.1285402285,Boston
Linear Park - Mass. Ave. at Cameron Ave. ,42.397828,-71.130516,Cambridge
Linwood St at Minuteman Bikeway,42.40933763159079,-71.14911660113683,Arlington
Logan Park,42.41799446695187,-71.0965463171496,Medford
Longwood Ave at Binney St,42.338557657,-71.10652278399999,Boston
Lower Cambridgeport at Magazine St / Riverside Rd,42.357218503176526,-71.1138716340065,Cambridge
MIT Carleton St at Amherst St,42.36054174140606,-71.08669817447662,Cambridge
MIT Hayward St at Amherst St,42.36089013976651,-71.08549373403778,Cambridge
MIT Pacific St at Purrington St,42.35957320109044,-71.10129475593567,Cambridge
MIT Stata Center at Vassar St / Main St,42.36207634024955,-71.09118193392968,Cambridge
MIT Vassar St,42.35560121327927,-71.10394477844238,Cambridge
MIT at Mass Ave / Amherst St,42.3581,-71.093198,Cambridge
MLK Blvd at Washington St,42.32143814183195,-71.09126061201096,Boston
Magoun Square at Trum Field,42.39779323380625,-71.10599240682691,Somerville
Main St at Austin St,42.375603,-71.064608,Boston
Main St at Baldwin St,42.380857,-71.070629,Boston
Main St at Beacon St,42.41072713868097,-71.06266822675025,Everett
Main St at Brooks Park,42.411709,-71.110444,Medford
Main St at Thompson Sq,42.374878467440965,-71.06383498767171,Boston
Main Street at Carter Street,42.406151572663504,-71.0604074504954,Everett
Main Street/Albany Street/Technology Square,42.3629016,-71.0915669,Cambridge
Malden Center T Station,42.426541,-71.073179,Malden
Malden High School,42.426537658440544,-71.06393694877625,Malden
Marion St at Harvard St,42.34012242696642,-71.12070563810447,Brookline
Marion St at White St,42.38068959785659,-71.03907653249547,Boston
Martha Eliot Health Center,42.324258042500006,-71.10190871200001,Boston
Mass Ave T Station,42.34135615767354,-71.08336953450817,Boston
Mass Ave at Albany St,42.36135837662249,-71.09670273977825,Cambridge
Mass Ave at Broadway,42.414202132001854,-71.15051883389242,Arlington
Mass Ave at Grafton St,42.40726052447951,-71.14382132425817,Arlington
Mass Ave at Hadley/Walden,42.39120971915856,-71.12260755160605,Cambridge
Mass Ave/Lafayette Square,42.36355597894699,-71.10042019024046,Cambridge
Massachusetts Ave at Columbus Ave,42.340889049,-71.08165363500001,Boston
Mattapan Library,42.277520522,-71.093256396,Boston
Mattapan T Stop,42.2679641165,-71.0935981655,Boston
Maverick Square - Lewis Mall,42.36884408289836,-71.03977829217911,Boston
Maverick St at Massport Path,42.36774122306014,-71.0333597474255,Boston
Mayor Salvo Path at Mill St,42.51803519796769,-70.89570075273514,Salem
Meaney Playground - Pleasant St at E Cottage St,42.31868859516005,-71.05883909080859,Boston
Meaney Playground - Pleasant st at E Cottage St,42.318703,-71.053554,Boston
Medford Sq - Riverside Ave at River St,42.417724,-71.108102,Medford
Medford St at Charlestown BCYF,42.380429474494896,-71.06055721676967,Boston
Melnea Cass Blvd at Hampden St,42.330982,-71.10984160567114,Boston
Mobile Temporary Station,42.35967536371111,-71.10160055174674,Cambridge
Mobile Temporary Station 1,42.35147849233603,-71.044162200742,Boston
Moore Youth Center,42.363539,-71.111698,Cambridge
Morgan Ave at North First St,42.37197725963389,-71.07585847383234,Cambridge
Morton St T,42.280725142920296,-71.08617242434775,Boston
Morton St at Gallivan Blvd,42.278747,-71.080286,Boston
Mt Auburn,42.37481118703192,-71.13318890318843,Cambridge
Mt. Hope St at Hyde Park Ave,42.284790321217685,-71.1186823063123,Boston
Mugar Way at Beacon St,42.35553628489709,-71.07286870479584,Boston
Murphy Skating Rink - 1880 Day Blvd,42.336488568,-71.023718546,Boston
Museum of Science,42.36769018024484,-71.07116281986237,Cambridge
N. Beacon St at N. Beacon Ct,42.36444157139109,-71.18091373646166,Watertown
NCAAA - Walnut Ave at Crawford St,42.316902,-71.091946,Boston
Nashua Street at Red Auerbach Way,42.365673,-71.064263,Boston
New Balance - 20 Guest St,42.357277199338526,-71.14682339148074,Boston
Newbury St at Hereford St,42.348663939000005,-71.08592333850001,Boston
Newmarket Square T Stop - Massachusetts Ave at Newmarket Square,42.326606570500005,-71.0665026695,Boston
Newton Highlands T,42.32210508247647,-71.20630270265156,Newton
Newton Library,42.33620336883013,-71.207794547081,Newton
Nichols Ave. at Watertown Greenway,42.36762048745005,-71.1565663665533,Watertown
Nonantum Library,42.36071052334078,-71.2014531914941,Newton
Norman St at Kelvin St,42.40581171700586,-71.06708850720679,Everett
North St at Liberty Hill Ave,42.52989964975891,-70.90614259243011,Salem
Northbourne Rd at Hyde Park Ave,42.29118035995213,-71.1177074125175,Boston
Northeastern University - North Parking Lot,42.341814,-71.090179,Boston
Northern Strand at Main St,42.42386,-71.067793,Malden
O'Brien Highway at First Street,42.370982,-71.076638,Cambridge
Oak Square - 615 Washington St,42.35057,-71.166491,Boston
Old Morse Park at Putnam Ave,42.35766247889882,-71.1084133386612,Cambridge
One Beacon St,42.358477644348106,-71.06135129928589,Boston
One Brigham Circle,42.33390066868499,-71.10438482091466,Boston
One Broadway / Kendall Sq at Main St / 3rd St,42.36225309075461,-71.0831582099596,Cambridge
One Kendall Square at Hampshire St / Portland St,42.366277,-71.09169,Cambridge
One Memorial Drive,42.361619320766856,-71.0804355052096,Cambridge
Orient Heights T Stop - Bennington St at Saratoga St,42.386781,-71.006098,Boston
Orr Sq (Shirley Ave),42.40715655698643,-70.99272429943085,Revere
Packard Ave at Powderhouse Blvd,42.404449585,-71.123300986,Somerville
Packard's Corner - Commonwealth Ave at Brighton Ave,42.352261,-71.123831,Boston
Park Dr at Buswell St,42.347241,-71.105301,Boston
Park Plaza at Charles St,42.35182806892068,-71.06781138111728,Boston
Park Plaza at Charles St S.,42.35182806892068,-71.06781138111728,Boston
Park Plaza at Columbus Ave,42.35186,-71.067688,Boston
Park St at Norwell St,42.29439893435331,-71.07826386956852,Boston
Parker St at Huntington Ave,42.338488,-71.104465,Boston
Pearl St at Medford St,42.38815705419525,-71.09588742256165,Somerville
Perry Park,42.37926427050421,-71.10342560315675,Somerville
Pier 4 Blvd at Autumn Ln,42.3502132345,-71.044659395,Boston
Piers Park,42.36501119822304,-71.03528559207916,Boston
Pope John High School,42.420338599822514,-71.04421216231027,Everett
Porter Square Station,42.3880248645,-71.119096994,Cambridge
Porzio Park,42.364119035231525,-71.02876782417297,Boston
Post Office Square,42.35585435522005,-71.05459745998814,Boston
Post Office Square - Pearl St at Milk St,42.356755,-71.055407,Boston
Powder House Circle - Nathan Tufts Park,42.4007576115,-71.1168708525,Somerville
Prudential Center - 101 Huntington Ave,42.346520410992056,-71.08068146572559,Boston
Prudential Center - Belvedere St,42.34652003998412,-71.08065776545118,Boston
Purchase St at Pearl St,42.354659,-71.053181,Boston
Railroad Lot and Minuteman Bikeway,42.4160448665757,-71.15330197391029,Arlington
Raymond Park at Walden St,42.38735659123593,-71.12766113241398,Cambridge
Revere City Hall,42.40741,-71.0139,Revere
Revere Public Library,42.4080638445,-71.0089318115,Revere
Rindge Avenue - O'Neill Library,42.3927949075,-71.12904898849999,Cambridge
Ring Rd,42.348278385426255,-71.08044855314802,Boston
Riverway at Brookline Ave,42.33661005730433,-71.11004680395126,Boston
Rogers St & Land Blvd,42.366446738529454,-71.07654601335526,Cambridge
Roseland St At Dorchester Ave,42.2911685327193,-71.06300890445709,Boston
Roslindale Village - South St,42.2870632695,-71.1277993455,Boston
Roslindale Village - Washington St,42.28622994005404,-71.12827564391006,Boston
Ross Playground,42.2645573315,-71.1145654525,Boston
Rowes Wharf at Atlantic Ave,42.357143,-71.050699,Boston
Roxbury Crossing T Stop - Columbus Ave at Tremont St,42.331184,-71.095171,Boston
Roxbury YMCA - Warren St at MLK Blvd,42.31787329345602,-71.08243077993393,Boston
Ruggles T Stop - Columbus Ave at Melnea Cass Blvd,42.33628576198439,-71.08805835240189,Boston
Ryan Playground - Dorchester Ave at Harbor View St,42.3177074325,-71.056652551,Boston
S Huntington Ave at Heath St,42.32760387040573,-71.11089169979095,Boston
Salem Ferry Landing,42.52189284110247,-70.8806911110878,Salem
Salem MBTA - Lower Level,42.523994,-70.89684,Salem
Salem MBTA - Washington at Federal St,42.52345239346618,-70.89611113071442,Salem
Salem State University - Bike Path at Loring Ave,42.50182398896298,-70.89478075504303,Salem
Salem State University - North Campus,42.503332,-70.891444,Salem
Salem Willows Park,42.53466911383265,-70.87021440267563,Salem
Savin Hill T Stop - S Sydney St at Bay St,42.3106,-71.0539,Boston
Seaport Blvd at Sleeper St,42.35317809186252,-71.04817356923377,Boston
Seaport Hotel - Congress St at Seaport Ln,42.34881026188269,-71.04167744055303,Boston
Seaport Square - Seaport Blvd at Northern Ave,42.35148193460858,-71.04436084628105,Boston
Sennott Park  Broadway at Norfolk Street,42.36860524248197,-71.09930185605663,Cambridge
Sennott Park Broadway at Norfolk Street,42.36858647374098,-71.09932526002831,Cambridge
Shawmut Ave at Lenox St,42.33584612997077,-71.08038157224655,Boston
Shawmut Ave at Oak St W,42.34854543411198,-71.06559185315746,Boston
Shawmut T Stop,42.2929058605,-71.0657358155,Boston
Shetland Park - Congress at Peabody St,42.51836788262243,-70.88952362537384,Salem
Sidney Research Campus/ Erie Street at Waverly,42.35775309465199,-71.10393404960632,Cambridge
Sidney Research Campus/Erie Street at Waverly,42.357750205326,-71.10392278430317,Cambridge
Silber Way,42.34954881057001,-71.10059595095984,Boston
Smith Pl at Wilson Rd,42.39239749145834,-71.15058331757609,Cambridge
Soldiers Field Park - 111 Western Ave,42.36426344063853,-71.1182756971175,Boston
Somerville City Hall,42.386844,-71.09812,Somerville
Somerville City Hall Annex,42.39184073645932,-71.09762617215122,Somerville
Somerville High School & Central Library,42.386401005500005,-71.09598310300001,Somerville
Somerville Hospital,42.390413,-71.108571,Somerville
South Boston Library - 646 E Broadway,42.33572469,-71.038775285,Boston
South End Library - Tremont St at W Newton St,42.341334125,-71.0768164015,Boston
South Station - 700 Atlantic Ave,42.352175,-71.055547,Boston
Spaulding Rehabilitation Hospital - Charlestown Navy Yard,42.378338,-71.048927,Boston
Spring St at Powell St,42.277484442008216,-71.16341467955863,Boston
St Mary's,42.34621528177773,-71.10717880743746,Brookline
St. Alphonsus St at Tremont St,42.33329254719182,-71.10124647617339,Boston
State Street at Channel Center,42.344137,-71.052608,Boston
Stony Brook T Stop,42.316966,-71.104374,Boston
Stuart St at Berkeley St,42.34954403114251,-71.0724207387284,Boston
Stuart St at Charles St,42.351146,-71.066289,Boston
Sullivan Square,42.38445225635844,-71.07514854529654,Boston
Summer St at Quincy St,42.383709,-71.09850591982195,Somerville
Sumner St at Shirley Ave,42.40833705812975,-70.99804848432541,Revere
Surface Rd at India St,42.358155,-71.052163,Boston
Surface Rd at Summer St,42.35294569782581,-71.05656400803126,Boston
Swan St. Park,42.412504507772105,-71.05842225271772,Everett
Sydney St at Carson St,42.32039374304257,-71.05355408051764,Boston
TD Garden - West End Park,42.36590788445084,-71.06446668505669,Boston
Talbot Ave At Blue Hill Ave,42.2945833,-71.087111,Boston
Talbot Ave T Station,42.29225148276875,-71.07797205453608,Boston
Tappan St at Brookline Hills MBTA,42.331414249021606,-71.12702690522845,Brookline
Teele Square,42.40087950159558,-71.12590793383788,Somerville
The Dimock Center,42.3193710238914,-71.09640582929751,Boston
The Eddy - New St at Sumner St,42.370744,-71.044201,Boston
The Lawn on D,42.344790216,-71.0440701295,Boston
The Overlook at St. Gabriel's,42.34679008347347,-71.14549813806661,Boston
Thetford Ave at Norfolk St,42.286212948246096,-71.07942931372236,Boston
Third at Binney,42.36544486137399,-71.08277142047882,Cambridge
Thorndike Field at Minuteman Bikeway,42.40016804853787,-71.14456963094199,Arlington
Tremont St at Court St,42.359322,-71.059624,Boston
Tremont St at E Berkeley St,42.345392,-71.069616,Boston
Tremont St at Hamilton Pl,42.35668334969929,-71.06166645884514,Boston
Tremont St at Hamilton Place,42.35668334969929,-71.06166645884514,Boston
Tremont St at Northampton St,42.33848265814547,-71.08161971412491,Boston
Tremont St at W. Dedham St,42.34253641568976,-71.07419790593929,Boston
Tremont St at West St,42.354979,-71.063348,Boston
Tremont St. at Court St.,42.359322,-71.06528744101524,Boston
Troy Boston,42.343749,-71.062256,Boston
Trum Field @ Cedar St (Temp Winter Station),42.398444,-71.107833,Somerville
Tufts Sq - Main St at Medford St,42.401697,-71.106128,Medford
Union Square - Brighton Ave at Cambridge St,42.353334,-71.137313,Boston
Union Square - Somerville,42.37964789967527,-71.09540475672475,Somerville
Union Square East,42.380078,-71.090098,Somerville
Union Square East (Temp Winter Station),42.380078,-71.090098,Somerville
Union Square Station,42.377309,-71.094428,Somerville
Union St at Herrick Rd – Newton Centre Green Line,42.32956868185623,-71.19367271661758,Newton
University Park,42.36264779118595,-71.10006093978882,Cambridge
University of Massachusetts Boston - Campus Center,42.31224272787806,-71.03655186851617,Boston
University of Massachusetts Boston - Integrated Sciences Complex,42.314507,-71.041269,Boston
Upham's Corner,42.31727474327453,-71.06537003967787,Boston
Upham's Corner T Stop - Magnolia St at Dudley St,42.318697341722434,-71.0697814822197,Boston
Uphams Corner,42.31727474327453,-71.06537003967787,Boston
Uphams Corner T Stop - Magnolia St at Dudley St,42.318746332361215,-71.06977674360985,Boston
Valenti Way at Haverhill St,42.36473898691789,-71.05934903025626,Boston
Vassal Lane at Tobin/VLUS,42.38536765218425,-71.13775670528412,Cambridge
Verizon Innovation Hub 10 Ware Street,42.37250864997261,-71.11305356025696,Cambridge
Vinnin Square,42.48627460885994,-70.90164934084439,Salem
W Broadway at D St,42.3391085,-71.0514432,Boston
W Broadway at Dorchester St,42.33595897943309,-71.04622899561036,Boston
Walnut Ave at School St,42.31242399029812,-71.09616905450821,Boston
Walnut Ave at Warren St,42.324081,-71.083235,Boston
Warehouse Lab PBSC,42.38645499610106,-71.07541964272968,Boston
Warren St at Chelsea St,42.371848,-71.060292,Boston
Wasgatt Playground,42.4093300667225,-71.06381878293178,Everett
Wasgott Playground,42.4093300667225,-71.06381878293178,Everett
Washington Sq,42.33985827126298,-71.13421171095978,Brookline
Washington St @ New Washington St (Temp Winter Station),42.381056,-71.087083,Somerville
Washington St at Bowdoin St,42.29916497936589,-71.07345871645519,Boston
Washington St at Bradlee St,42.297722,-71.073,Boston
Washington St at Brock St,42.3489528466951,-71.16031676530838,Boston
Washington St at Crafts St,42.35393193548293,-71.19939377428668,Newton
Washington St at Denton Terr,42.280728147169015,-71.13423757273267,Boston
Washington St at Egremont Rd,42.34287906835979,-71.14131344477936,Boston
Washington St at Fuller St,42.281986277339136,-71.07147924620222,Boston
Washington St at Griggs Rd,42.33833423719901,-71.13050930220197,Brookline
Washington St at Lenox St,42.3350989929096,-71.07903778553009,Boston
Washington St at Melnea Cass Blvd,42.332817,-71.081198,Boston
Washington St at Myrtle St,42.3817540895,-71.08382755150001,Somerville
Washington St at Peters Park,42.342958,-71.067052,Boston
Washington St at Rutland St,42.338514601786,-71.07404083013535,Boston
Washington St at Talbot Ave,42.290333,-71.071806,Boston
Washington St at Walnut St,42.35148098298151,-71.2076180578971,Newton
Washington St at Walsh Playground,42.27722749969895,-71.06958235425023,Boston
Washington St at Waltham St,42.34157471873748,-71.06890439987183,Boston
Watermark Seaport - Boston Wharf Rd at Seaport Blvd,42.35151810309922,-71.04555779702847,Boston
Watertown City Hall,42.367608083661466,-71.1874831018597,Watertown
Watertown Sq,42.365260317694485,-71.18573324459247,Watertown
Watertown St at Albemarle Rd,42.354104081396585,-71.21382214128971,Newton
Watertown Town Hall,42.367621,-71.187936,Watertown
Wellington MBTA,42.4023682,-71.07573182424781,Medford
Wentworth Institute of Technology - Huntington Ave at Vancouver St,42.33758601097239,-71.09627097845076,Boston
West End Park,42.36583625122542,-71.06457369052833,Boston
West Medford Square (Bower St at Harvard Ave),42.420647,-71.133483,Medford
West Newton,42.34960049864208,-71.2262749671936,Newton
West Newton Armory,42.34947178098653,-71.22000678911718,Newton
Western Ave at Richardson St,42.36178741066188,-71.14393111327445,Boston
Whittier St Health Center,42.33286288486264,-71.09218861916816,Boston
Williams St at Washington St,42.306539,-71.107669,Boston
Wilson Square,42.38567578752914,-71.11412136298895,Somerville
Governors Ave at Lawrence Rd,42.425178,-71.1046795,Medford
Au Bon Pain Way at Fid Kennedy Ave,42.3461009,-71.05757685,Boston
40 Thorndike St,42.369061,-71.10093985506248,Cambridge
Damrell St at Old Colony Ave,42.3324824,-71.03899005,Boston
Steve Miller Dr at Winthrop St (Medford High),42.428086,-71.1299215,Medford
Northern Strand - West St & Wellington Ave,42.403444,-71.062033,Everett
Watertown St at 5th Ave,42.36289,-71.1893921823597,Watertown
Damrell st at Old Colony Ave,42.3324824,-71.04594055,Boston
615 Broadway,42.394541,-71.03213679834747,Chelsea
780 Morrissey Blvd,42.295305,-71.067703,Boston
Cambridgeside Pl at Land Blvd,42.366929,-71.08073336930846,Cambridge
Damrell St at Old Colony,42.33246711,-71.0564514995,Boston
Eliot Circle Revere Beach,42.402889,-71.00030134482616,Revere
High St at Federal St,42.35352778,-71.05044636,Boston
Revere Beach - Markey Footbridge,42.414019,-70.9897905,Revere
Swan Pl. at Minuteman Bikeway,42.414705,-71.12773849999999,Medford
Swan Place at Minuteman Bikeway,42.414705,-71.1475902155,Arlington
Washington St at Temple Pl,42.35496799,-71.070909255,Boston
Winthrop Circle,42.421361,-71.121958,Medford
Commercial St at Charter St,42.3681856875,-71.05672587701562,Boston
Lake St. at Minuteman Bikeway,42.4041703390082,-71.12765854565887,Somerville
Medford St at Warren St,42.41649057463282,-71.13357654182113,Medford
Medford St. at Warren St.,42.41649057463282,-71.14813429053619,Arlington
Mill St. at Minuteman Bikeway,42.4186027386165,-71.171634521018,Arlington
Shawmut Ave at Herald St,42.3466214415,-71.06787767,Boston
Shawmut Ave. at Herald St.,42.346647,-71.066049,Boston
Staniford St at Merrimac St,42.36359871,-71.08234012150001,Cambridge
Staniford at Merrimac,42.36358,-71.06745531168576,Boston
Stuart St at Church St,42.35066667,-71.07496263,Boston
Craigie & Summer at Conway Park (Temp. Winter Location),42.383346563,-71.10525455999999,Somerville
Massachusetts Ave at Boylston St.,42.34752,-71.11737369998073,Brookline
Western Ave at Everett St,42.363174438,-71.12968158742854,Boston
